{
  "version": 1,
  "author": "Samet Sevindik",
  "editor": "wokwi",
  "parts": [
    { "type": "wokwi-arduino-uno", "id": "uno", "top": -258.6, "left": -67.8, "attrs": {} },
    {
      "type": "wokwi-buzzer",
      "id": "bz1",
      "top": -132,
      "left": 241.8,
      "attrs": { "volume": "0.1" }
    },
    { "type": "wokwi-membrane-keypad", "id": "keypad1", "top": -338, "left": 456.8, "attrs": {} }
  ],
  "connections": [
    [ "uno:GND.3", "bz1:1", "black", [ "v0" ] ],
    [ "bz1:2", "uno:5", "orange", [ "v9.6", "h38", "v-240", "h-243.8" ] ],
    [ "uno:10", "keypad1:R1", "green", [ "v-48", "h307.9", "v336", "h153.6" ] ],
    [ "uno:9", "keypad1:R2", "green", [ "v-67.2", "h308", "v345.6", "h163.2" ] ],
    [ "uno:8", "keypad1:R3", "green", [ "v-76.8", "h307.6", "v374.4", "h163.2" ] ],
    [ "uno:7", "keypad1:R4", "green", [ "v-86.4", "h301.2", "v393.6", "h76.8" ] ],
    [ "uno:6", "keypad1:C1", "green", [ "v-105.6", "h310.9", "v422.4", "h144" ] ],
    [ "uno:4", "keypad1:C2", "green", [ "v-115.2", "h589.5", "v384", "h-134.4" ] ],
    [ "uno:3", "keypad1:C3", "green", [ "v-124.8", "h589.6", "v403.2", "h-134.4" ] ],
    [ "uno:2", "keypad1:C4", "green", [ "v-134.4", "h589.7", "v422.4", "h-134.4" ] ]
  ],
  "dependencies": {}
}