{
  "version": 1,
  "author": "Samet Sevindik",
  "editor": "wokwi",
  "parts": [
    { "type": "wokwi-breadboard-mini", "id": "bb1", "top": -1.4, "left": -40.8, "attrs": {} },
    { "type": "board-esp32-devkit-c-v4", "id": "esp", "top": -19.2, "left": -167.96, "attrs": {} },
    { "type": "wokwi-mpu6050", "id": "imu1", "top": 42.22, "left": 165.52, "attrs": {} },
    {
      "type": "wokwi-lcd2004",
      "id": "lcd1",
      "top": 160,
      "left": -13.6,
      "attrs": { "pins": "i2c" }
    }
  ],
  "connections": [
    [ "esp:TX", "$serialMonitor:RX", "", [] ],
    [ "esp:RX", "$serialMonitor:TX", "", [] ],
    [ "esp:GND.2", "bb1:1t.a", "black", [ "v-19.2", "h38.4" ] ],
    [ "esp:5V", "bb1:1b.j", "red", [ "h0.15", "v19.2", "h105.6", "v-76.8" ] ],
    [
      "bb1:1b.f",
      "imu1:VCC",
      "blue",
      [ "v-9.6", "h182.4", "v48", "h105.6", "v-76.8", "h-19.28" ]
    ],
    [ "bb1:1t.e", "imu1:GND", "white", [ "v9.6", "h172.8", "v67.2", "h124.8", "v-96", "h-38.4" ] ],
    [ "bb1:1b.g", "lcd1:VCC", "blue", [ "v0", "h-19.2", "v105.6" ] ],
    [ "bb1:1t.d", "lcd1:GND", "white", [ "v0", "h-9.6", "v153.6" ] ],
    [ "esp:21", "bb1:4b.f", "green", [ "h0" ] ],
    [ "bb1:4b.i", "imu1:SDA", "purple", [ "v28.8", "h134.4", "v-96", "h76.72" ] ],
    [ "bb1:4b.j", "lcd1:SDA", "orange", [ "v28.8", "h-38.4", "v67.2" ] ],
    [ "esp:22", "bb1:8b.f", "green", [ "h0" ] ],
    [ "bb1:8b.g", "imu1:SCL", "orange", [ "v-9.6", "h124.8", "v-67.2", "h57.6" ] ],
    [ "bb1:8b.j", "lcd1:SCL", "purple", [ "v38.4", "h-67.2", "v67.2" ] ]
  ],
  "dependencies": {}
}